{"cameraMode":{"drawMode":0,"name":"Shaded","section":"Shading Mode"},"sceneLighting":true,"audioPlay":false,"sceneViewState":{"showFog":false,"showMaterialUpdate":false,"showSkybox":false,"showFlares":false,"showImageEffects":false,"showParticleSystems":true},"in2DMode":false,"pivot":{"x":0.0065059661865234379,"y":0.0,"z":-0.6197296977043152},"rotation":{"x":-0.13939543068408967,"y":0.8297709226608276,"z":-0.23850877583026887,"w":-0.48493626713752749},"size":13.054107666015625,"orthographic":false}